Shop ID;Shop
655407;Deloox.de
13568;Kaartje2go.nl
653444;Mandmdirect.de
653413;Gluehbirnebillig.de
652150;Hema.be
653384;Dmdk.nl
650455;Doublefonline.nl
653608;Voordeelstore.nl
4526;Peterhahn.nl
655254;Roastmarket.de
655253;Rebike.com
642055;Tuincentrum.nl
653697;Deschouwwitgoed.nl
653758;Printabout.de
653036;Deubaxxl.de
653828;Shop-apotheke.com
16649;Keessmit.nl
642598;Vanharen.nl
596975;Fixami.be
650392;Outathome.com
647730;Babywinkel.nl
648913;Kaartje2go.be
653786;Zooplus.nl
642847;Coffeefriend.nl
653759;Hutshopping.de
655246;Polo-motorrad.com
653509;Meubello.nl
649558;Sportdeal.nl
651741;Xxlwater.nl
650350;Acr-reijnders.nl
653384;Dmdk.nl
143036;Osdorp.nl
653542;NicheFragrance.nl
19239;Onlinedeurbeslagshop.nl
647184;Ongediertewinkel.nl
653814;Vbs-hobby.com
653745;Karo-art.nl
5800;Meubelen-online.nl
653614;Vertbaudet.nl
3272;Keukenloods.nl
652600;TradeInn.com
642599;Zaansebedden.nl
643340;2dekansje.com
653420;Vertbaudet.com
652856;Partywinkel.de
655317;Footlocker.de
642837;Partywinkel.be
647184;Ongediertewinkel.nl
652620;Iciparisxl.nl
653707;Tomorrowsbike.be
644110;Vanbeekumspecerijen.nl
569687;Gadero.nl
653294;Action.com
653608;Voordeelstore.nl
653824;Meinled.de
652652;Praktiker.de
115224;Cvtotaal.nl
653819;Multitools.nl
341615;Wbsport.nl
653455;Prenatal.nl
653361;Lifeoutdoorliving.com
647736;Babywinkel.be
653457;Madeinparadis.nl
43905;Verfwinkel.nl
647233;Kachel-airco.nl
653230;Pullandbear.com
655255;Roastmarket.nl
655400;Temu.com
653695;Evirobamboe.nl
644312;Horlogeoutlet.nl
647759;Motointegrator.nl
652439;Aboutyou.be
653815;Vbs-hobby.nl
595575;profitent24.nl
3272;Keukenloods.nl
655315;Farmaline.be
652550;Outlet46.de
652651;Intersport.de
653707;Tomorrowsbike.be
653667;Parfumerie.nl
655426;Gaslooswonen.nl
653365;Dutchdesignersoutlet.de
646527;Gadero.be
652278;Leitermann.de
655452;Heuts.nl
653719;Thareurope.com
465697;Livingandcompany.com
642253;Artandcraft.com
652246;Aosom.de
653819;Multitools.nl
655318;Footlocker.nl
650827;Sextoyland.be
653372;Tuningsupply.com
653406;Flaconi.be
646527;Gadero.be
655297;Kiddos-en-co.nl
655258;Ungeziefershop.de
655396;Vanarendonk.nl
653755;Majakoi.nl
650392;Outathome.com
653264;Duravolt.nl
653371;Telefoongigant.nl
644044;Top4running.nl
653275;Bwareshop.de
104626;Tapclean.nl
653480;Dunstabzugshauben-ersatzfilter.de
652517;Florastore.com
653261;Dierapotheker.nl
655358;Stylevana.com
645471;Solarlampkoning.nl
650051;Erotik-sjop.com
653371;Telefoongigant.nl
341615;Wbsport.nl
653519;Marjems.nl
642375;Tuinmeubelshop.nl
247079;Levix.nl
653190;Fatbikeskopen.nl
651932;Lusini.com
652486;Lookfantastic.de
655379;Medpets.nl
652855;Babywinkel.de
653481;Neue-wasserfilter.de
655297;Kiddos-en-co.nl
653703;Steegengamode.nl
652594;Horendgoed.nl
644434;Correct.nl
655463;Top-zwembadshop.nl
653780;Kids-world.com
652554;MK-angelsport.de
652181;Bazta.com
653813;Vbs-hobby.be
653441;Ledxpress.com
652009;JDsports.nl
645421;Budgetongediertebestrijden.nl
645421;Budgetongediertebestrijden.nl
338785;Autobench.nl
211842;Letsleds.nl
204143;Hulpmiddelen-voor-ouderen.nl
642599;Zaansebedden.nl
52579;Campusshop.be
651732;Onlineskateshop.nl
82341;Silvercreek.nl
653184;Cecil.nl
653363;Dutchdesignersoutlet.com
655266;Verfwinkel.com
652850;Coffeefriend.de
644434;Correct.nl
653363;Dutchdesignersoutlet.com
655272;Loberon.nl
652779;Vandenborre.be
655325;Nintendo.nl
653626;Gewoonstijl.nl
653373;Desirel.nl
650084;Nostalux.be
642477;Livolo.nl
653517;Fritz-events.nl
650293;Skistoreswing.nl
650455;Doublefonline.nl
595575;profitent24.nl
644821;Dustinhome.nl
653542;NicheFragrance.nl
651966;Samsung.be
648036;Weltechniek.nl
364040;Topvintage.be
652412;Cupshe.com
569687;Gadero.nl
562851;Subtel.be
642375;Tuinmeubelshop.nl
651889;Elektroretail.nl
5800;Meubelen-online.nl
652117;MBDeals.nl
653779;Kids-world.com
655307;Emob-moebel.de
653243;Tubefittings.eu
651572;GGMGastro.com
651572;GGMGastro.com
652002;Motointegrator.be
655248;Bstn.com
653192;Maxilia.de
655345;Topstore.nl
649995;Drankuwel.nl
655381;Actie.deals
653806;Decoflorall.nl
646777;Verfwebwinkel.be
630859;Popmerch.com
653730;Goodbricks.nl
653456;Training-fit.nl
653585;TinyTin.nl
655341;Winehouseportugal.com
653315;Action.com
652165;Shoemixx.nl
652961;Dyson.be
653379;Aanstekergraveren.nl
650488;123hair.nl
650031;Brandsaver.nl
650488;123hair.nl
652399;Maxprohair.com
652551;Beautycos.de
652851;Allekabel.de
653300;Heimwerkertools.com
651910;Artelectronics.nl
467126;Essenzahome.nl
652741;Invictastores.eu
652363;Scandinavianoutdoor.de
644155;VCTparts.nl
653641;Most-dekens.nl
653223;Luftbude.nl
653226;Handball-store.nl
653190;Fatbikeskopen.nl
19239;Onlinedeurbeslagshop.nl
653240;Bergmansoutlet.com
652546;Sportolino.de
652239;Ubisoft.com
653545;Plent.nl
651796;Shopthegood.nl
653762;Lampenconcurrent.nl
643340;2dekansje.com
655292;Drank.nl
653823;Ledloket.be
323464;Speelgoedfamilie.nl
653519;Marjems.nl
653806;Decoflorall.nl
652404;Slippers.nl
653719;Thareurope.com
43949;Whiteboard-Flipover.nl
652952;Hellobier.nl
652139;Ginatricot.com
652951;Safaary.nl
652815;Strongerlabel.com
652573;Huistuindesign.com
653515;Magneetjeswinkel.nl
637195;Phone-factory.nl
655426;Gaslooswonen.nl
644640;Badkamerplanet.nl
653479;Suitable.de
655463;Top-zwembadshop.nl
648966;Kongcrete.nl
651733;Sneakeroutlet.nl
649558;Sportdeal.nl
652493;Maxxy.nl
655294;ManoMano.de
613149;Careplus-shop.nl
652481;Otto.de
653761;Findicare.com
655421;Besled.de
596372;Bedboxholland.nl
642709;Vibies.nl
653197;Street-one.nl
650350;Acr-reijnders.nl
653509;Meubello.nl
653224;House44store.nl
653251;Debudgettegels.nl
652952;Hellobier.nl
650975;Tokkenspel.nl
655269;Avantisport.nl
653704;Aosom.nl
655441;Fietstas.com
644318;Munnichs.nl
653590;Synxstore.nl
653285;Tink.be
652247;dasbaby.de
648261;Bakingqueen.nl
653761;Findicare.com
465697;Livingandcompany.com
649410;Reliving.nl
653677;Veromoda.com
650051;Erotik-sjop.com
648686;Freshnrebel.com
653010;Xiaomi.com
655445;Dutchxxl.nl
650830;Goedkopepicknicktafels.nl
643766;Profijtmeubel.nl
655452;Heuts.nl
647229;Blisso.nl
653746;Marktkauf.de
456266;Jemappelle.nl
655271;Basket-center.nl
652092;Desigual.com
655418;Boschbedding.nl
655488;Avh-outdoor.nl
653454;Fashionette.nl
652668;Elbhunde-dresden.de
652065;Iciparisxl.be
653222;Only.com
652218;Brepen.nl
653583;RISolutions.eu
630859;Popmerch.com
653041;Bluettipower.eu
652336;Bodyandfit.com
647378;FloraStore.com
653747;Greetz.nl
646515;Lampenmaster.be
652026;Lionstyle.nl
641378;Gsm-hoesjes.nl
643929;Enjoy2day.nl
653545;Plent.nl
652103;Yachtsupplier.be
652374;Valhallaboardgames.nl
652180;Bazta.com
653296;Xenos.nl
644138;Alsa-nature.nl
6182;Shopcore.nl
652466;Office-partner.de
652691;Kofferworld.de
655489;Top1toys.nl
652558;Drpetcare.de
58226;Albeka.nl
85781;Keepershandschoenen.nl
653271;Kidsinstyle.eu
652012;PUMA.com
652701;Esdemarca.com
247079;Levix.nl
644640;Badkamerplanet.nl
651986;Severin.com
651980;Leenbakker.nl
653666;Parfumerie.be
653626;Gewoonstijl.nl
653448;Ongediertebestrijden.shop
653447;Voordeelshop.ah.nl
653219;Office-discount.de
595488;Saniweb.be
653397;Thatsled.nl
371162;Laddersenrolsteigers.nl
643110;Tuanashop.nl
655386;Feuertischshop.com
651740;Beautybox-cosmetics.nl
653251;Debudgettegels.nl
655442;Fietsparadijs.com
653646;Kaufgeil.com
653309;Huawei.com
652219;Brepen.be
653268;Philips.nl
652263;Decantalo.de
644001;Mangohoutonline.nl
415249;Gabinova.nl
1427;Amazon.de
655461;Fietstas.com
653499;Gekopkussens.nl
652452;Petotal.de
644155;VCTparts.nl
655333;Babista.nl
642731;Bierfamilie.nl
43949;Whiteboard-Flipover.nl
655402;Kochexperte.com
652744;Kaffeebohne365.de
652404;Slippers.nl
85781;Keepershandschoenen.nl
81225;Skate-dump.nl
653535;Hallomobile.nl
653042;Dietechnik.de
653753;Fashion24.de
653418;Sieraadgraveren.nl
648113;Sanexo.be
655410;Home-tex.nl
653535;Hallomobile.nl
644315;airfryertotaal.nl
642063;Skinnylove.be
652016;Kickcollection.nl
655373;Olivia-kate.nl
653451;Usuals.be
643852;Zoefrobot.nl
655354;Brandfield.be
652573;Huistuindesign.com
652778;Newbalance.nl
644145;Welovesilver.nl
652976;Trendyhoesjes.nl
652628;Bueroshop24.de
643110;Tuanashop.nl
653271;Kidsinstyle.eu
655280;Walra.nl
653417;Aanstekers.be
21409;Teufelaudio.nl
5128;Fitnessdigital.nl
83708;Bosmenshop.nl
652292;Deverduurzamingshop.nl
640632;Mirthecastello.com
73554;Loopfietsstore.com
653559;EliteTrapmatten.nl
652520;Beaumont.eu
653008;Berca.com
650830;Goedkopepicknicktafels.nl
653061;Coolblue.de
652491;VerticalExtreme.de
647643;Electrodepot.be
652043;Dartswarehouse.nl
651973;Duux.com
653378;Blitzz-graveerwerk.nl
653269;JHPfashion.nl
101789;Verfwebwinkel.nl
653306;Eco-logisch.de
653550;ActieveWinter.nl
652271;Baur.de
647813;Arrowbow.eu
655247;Boekenvoordeel.nl
655405;Gartenauflagenstore.de
612599;Cookinglife.nl
646244;Motorhuisbakker.nl
653664;HP.com
653270;Philips.be
653743;Megagoods.nl
653789;Daretodrinkdifferent.nl
653784;Netto-online.de
653441;Ledxpress.com
653631;Zepig.nl
653030;Loberon.be
211842;Letsleds.nl
655281;Verlichtingshuis.nl
653743;Megagoods.nl
21018;Blue-tomato.com
652192;Brandsaver.be
645977;Organifer.com
642709;Vibies.nl
653402;All4gadgets.nl
653515;Magneetjeswinkel.nl
323464;Speelgoedfamilie.nl
653215;Crocs.nl
650459;Kwastendiscounter.nl
247028;Mline.nl
653599;Royalchai.nl
648859;IJzerwarenwebshop.nl
655403;Handtuchhandel.de
655432;Desirel.be
644081;Sleepy.nl
652742;Tubefittings.eu
652044;Hunkemoller.nl
651806;Mosz-accessoires.nl
652588;Myprotein.com
651958;Nokia.com
655308;Relace.be
641303;Atotzled.nl
653378;Blitzz-graveerwerk.nl
652711;Arturofashion.nl
653568;Remarkt.be
653579;Spaansesloffen-winkel.nl
645384;Ilmaha.com
655433;Lovesexshop.be
638523;Yoek.nl
221415;Watch2day.nl
655479;Christ-juwelier.nl
652699;One.de
653630;Deplay.nl
655283;Hellophone.nl
653034;Oakley.com
562871;Bureaustoeldiscounter.nl
655412;Thejewellershop.com
647635;Burnhard.com
653269;JHPfashion.nl
594926;Shirts.nl
652848;Mcbuero.de
652117;MBDeals.nl
653709;Xenos.be
652670;Sanita-clogs.de
653720;LG.com
653711;Tapir-store.de
653404;Led24.nl
653387;Zoospot.nl
653594;Proshop.de
643229;Donnay.nl
653228;Bershka.com
6182;Shopcore.nl
645471;Solarlampkoning.nl
204143;Hulpmiddelen-voor-ouderen.nl
652323;Snowleader.be
655275;Sneakin-de.de
652565;Haardgigant.nl
651889;Elektroretail.nl
652418;Weidswonenenslapen.be
652672;QuieroVinos.com
653541;HairLabs.nl
652202;Sabina.com
641384;Purasana.com
653032;Schaefer-shop.be
652119;Nespresso.com
647936;Office-keys.nl
653762;Lampenconcurrent.nl
652682;1A-Geschenkeshop.de
638523;Yoek.nl
653237;Samsonite.nl
652490;Quelle.de
652609;Computersalg.de
83708;Bosmenshop.nl
653654;House-of-rugby.nl
653053;Musicgifts.nl
652808;Zwilling.com
652342;Diamondandtools.nl
540501;Vitaminfit.eu
653421;Horse-shop.net
643371;Oeteldonkstijl.nl
652154;soliver.nl
652977;Horloge.be
652454;Maconline.de
653198;My-jewellery.com
651600;Coffeeandteabrokers.com
653503;Waterfiltertechniek.nl
655308;Relace.be
653781;Easywalker.com
655296;Sophior.nl
641085;Dierapotheker.be
361512;Sanitair-knaller.nl
655291;Zeeman.com
652220;Topparfuemerie.de
655502;Lampenshoponline.com
653752;Pieces.com
655447;Gabinova.be
652016;Kickcollection.nl
652366;Lampenmeister.de
652562;Reifen.de
651796;Shopthegood.nl
647350;Summertoys.nl
652518;Theadultshop.nl
652459;Oakley.com
653434;Baristina.com
653787;Broyeurfabriek.nl
14625;Trapmatten24.nl
58226;Albeka.nl
653418;Sieraadgraveren.nl
653585;TinyTin.nl
648036;Weltechniek.nl
653782;999games.nl
653686;Clarks.com
467126;Essenzahome.nl
653224;House44store.nl
547457;Kantoorboek.nl
655330;Maxi-cosi.nl
653716;Mistermill.nl
653070;Zchoon.nl
653647;Zeb.be
563423;Petrolindustries.com
651331;Vitalicsport.com
651910;Artelectronics.nl
655369;Sephora.de
649410;Reliving.nl
652170;Decodap.com
652412;Cupshe.com
640582;Koffiestore.nl
653804;Zeeman.com
653681;Voorjouwkroost.nl
653630;Deplay.nl
329951;GSM-Hoesjes.be
652544;Sportdeal.de
648377;Brandblussershop.nl
655304;Wefashion.nl
653712;Blaupunkt-audio.de
653053;Musicgifts.nl
642063;Skinnylove.be
652561;Timarco.com
652570;Gents.de
655511;Houseandgarden.shop
652294;Leuchtentotal.de
655276;Smash-expert.de
652132;Knaldeals.com
655310;Reprint.nl
652553;Desigual.com
653317;Zelesta.de
655327;Tempur.com
653503;Waterfiltertechniek.nl
652635;Handball-store.de
676;Plasmavisie.nl
652362;Neonail.de
652714;Norma24.de
653374;Croom-sanitair.nl
655347;Dazzleandflare.com
590953;Voordeelvanger.nl
652273;Foodworld-xl.de
651382;Allesveilig.nl
655287;Berghoff-toys.com
652519;District-outerwear.com
652520;Beaumont.eu
361512;Sanitair-knaller.nl
653423;Bueroplus.de
652472;Mynotebook.de
562871;Bureaustoeldiscounter.nl
648000;Tafeltennistafel.nl
650418;Erovibes.be
649298;PartyPro.nl
648261;Bakingqueen.nl
655457;Maxizoo.be
652399;Maxprohair.com
652757;Tradeinn.com
653200;Thenorthface.nl
458751;Goodstore.nl
655326;Oralb.nl
652976;Trendyhoesjes.nl
652497;Douglas.de
652835;Sharkclean.be
644399;Blackstonefootwear.com
652483;Frogcoffee.de
651975;A-hjort.nl
653798;Kno-winkel.nl
652743;Hmd.com
653046;Hammer-fitness.nl
642688;Condoomfabriek.nl
653210;Guess.eu
650071;Loungesetland.nl
65692;Sleepy.be
655282;DrMartens.com
42688;Yoursurprise.be
570058;Misterspex.nl
652460;Hausderlampen.de
191933;Bugaboo.com
653713;Moebro.de
653236;Jack-Wolfskin.nl
653620;Webshop.bananakid.be
653745;Karo-art.nl
653064;Tamaris.be
647813;Arrowbow.eu
652204;Bjornborg.com
655482;SMEG.nl
652828;Alpinestars.de
653617;WBNet.eu
652269;Ebrosia.de
652026;Lionstyle.nl
655389;Manutan.be
652582;Delife.eu
652406;Fashionbootz.nl
367246;Napoleonbestek.nl
653490;Bluettipower.eu
655495;Footpatrol.nl
652966;Beddenscout24.nl
653058;Dimenno.nl
653800;Neonail.nl
653003;Rustigenacht.nl
362267;Vitacijn.nl
655277;Schoenenoutletonline.nl
653620;Webshop.bananakid.be
653266;Americantourister.nl
652437;Pearle.nl
652509;AEG.be
652433;Coolshop.de
653031;Cronjager.com
652849;Janado.de
650800;Textieltopper.eu
647936;Office-keys.nl
652079;Converse.com
653833;Pastaficio.nl
597800;Snowbootsexpert.nl
653287;Aboutyou.de
653750;Selected.com
653299;Gamersdream.shop
655371;Deals.collectandgo.be
653751;Nameit.com
655269;Avantisport.nl
637195;Phone-factory.nl
652623;Stanley1913.com
653403;Ledgroothandel.nl
648686;Freshnrebel.com
652482;VidaXL.de
652043;Dartswarehouse.nl
647643;Electrodepot.be
645977;Organifer.com
653070;Zchoon.nl
653199;Animigo.nl
653469;Rollers.nl
646949;Inktweb.be
653583;RISolutions.eu
653440;Casadielturo.com
576147;Nandusoftware.eu
597313;Emmafootwear.nl
653702;Mooideurbeslag.nl
653391;Duurzametuinartikelen.nl
649298;PartyPro.nl
653678;Veromoda.com
652797;Altrarunning.eu
569796;Ikonic.shop
650083;Perfumetrader.de
655375;Milk-bar.be
645296;Beautytheshop.com
651935;Eroticon.nl
653387;Zoospot.nl
641943;Willie.be
653374;Croom-sanitair.nl
644312;Horlogeoutlet.nl
653451;Usuals.be
652402;Arelothee.nl
655417;Paulaschoice.nl
652316;Stanley1913.com
652037;UGG.com
653043;Cronjager.com
652480;JBL.be
653631;Zepig.nl
652397;Hanacomfort.com
652549;Microvezelstore.nl
647843;Ikwilzitzakken.nl
653502;Kokendwaterkranenshop.nl
644138;Alsa-nature.nl
652261;Voomy.com
655310;Reprint.nl
652791;Zwilling.com
655320;Zooplus.de
653408;CD-keys.nl
655414;Bosch-home.be
653829;Converse.com
644110;Vanbeekumspecerijen.nl
652170;Decodap.com
652518;Theadultshop.nl
655400;Temu.com
653681;Voorjouwkroost.nl
655372;Brunobed.nl
655382;Verf.nl
653697;Deschouwwitgoed.nl
652594;Horendgoed.nl
652012;PUMA.com
653229;Woolrich.com
655374;Pearle.be
641610;Hugoboss.com
650984;Koeka.com
641384;Purasana.com
652686;Matchusports.nl
652150;Hema.be
655494;Jdsports.be
653811;Nietmokken.nl
653448;Ongediertebestrijden.shop
652150;Hema.be
652115;Joolz.com
652309;Mizuno.com
653066;Zoluko.nl
650799;Modemania.nl
655396;Vanarendonk.nl
655418;Boschbedding.nl
652201;FRmoda.com
652384;Nicebeauty.com
653299;Gamersdream.shop
653811;Nietmokken.nl
649612;Superfoodsonline.nl
653614;Vertbaudet.nl
653541;HairLabs.nl
73554;Loopfietsstore.com
652758;Offeco.nl
652488;Into-led.com
653691;Sonni24.de
653383;Lizenzexpress.de
652140;Lolavshop.nl
652465;ONeill.com
653559;EliteTrapmatten.nl
652140;Lolavshop.nl
367246;Napoleonbestek.nl
643371;Oeteldonkstijl.nl
653599;Royalchai.nl
650293;Skistoreswing.nl
652213;Mamalicious.com
651932;Lusini.com
652519;District-outerwear.com
14625;Trapmatten24.nl
652846;Natur.com
652816;Falke.com
655353;Isabelbernard.com
652319;Tuatara.eu
653705;Bamigo.com
652773;Beewiseamsterdam.com
648000;Tafeltennistafel.nl
653730;Goodbricks.nl
652469;Beautywelt.de
653014;Jojo.nl
653208;Brax.com
653565;Hairworldshop.nl
32969;Magicshop.nl
653562;Motormount.nl
653738;Roxy-netherlands.nl
597404;Sunflake.nl
642688;Condoomfabriek.nl
653703;Steegengamode.nl
652779;Vandenborre.be
652565;Haardgigant.nl
652254;Osann.de
653786;Zooplus.nl
655325;Nintendo.nl
640582;Koffiestore.nl
653294;Action.com
653695;Evirobamboe.nl
655318;Footlocker.nl
653457;Madeinparadis.nl
653637;Vloer-verwarming.com
653755;Majakoi.nl
653667;Parfumerie.nl
653787;Broyeurfabriek.nl
342374;Sajal.nl
653617;WBNet.eu
652788;Betterbebold.eu
115335;Zwembroeken.nl
652439;Aboutyou.be
653779;Kids-world.com
653780;Kids-world.com
655287;Berghoff-toys.com
652747;Kbstronics.nl
652412;Cupshe.com
652620;Iciparisxl.nl
653200;Thenorthface.nl
653243;Tubefittings.eu
653786;Zooplus.nl
563423;Petrolindustries.com
652468;Tecedo.de
655501;Golfshopsonline.com
653240;Bergmansoutlet.com
655315;Farmaline.be
652065;Iciparisxl.be
653455;Prenatal.nl
652012;PUMA.com
655358;Stylevana.com
653677;Veromoda.com
653010;Xiaomi.com
652248;intergardshop.de
655269;Avantisport.nl
655271;Basket-center.nl
653184;Cecil.nl
652517;Florastore.com
651980;Leenbakker.nl
653222;Only.com
653456;Training-fit.nl
655415;Only.com
647350;Summertoys.nl
652719;Cambuy.de
655381;Actie.deals
652509;AEG.be
655414;Bosch-home.be
652192;Brandsaver.be
653031;Cronjager.com
652092;Desigual.com
652961;Dyson.be
653454;Fashionette.nl
652009;JDsports.nl
655398;Kenwood.com
651966;Samsung.be
643929;Enjoy2day.nl
655511;Houseandgarden.shop
648859;IJzerwarenwebshop.nl
653443;Fightplaza.nl
653673;Honeybears.nl
342374;Sajal.nl
653315;Action.com
652336;Bodyandfit.com
655248;Bstn.com
655331;Clayandglow.com
653236;Jack-Wolfskin.nl
655272;Loberon.nl
655330;Maxi-cosi.nl
652119;Nespresso.com
655415;Only.com
653666;Parfumerie.be
655417;Paulaschoice.nl
653268;Philips.nl
655308;Relace.be
652835;Sharkclean.be
652815;Strongerlabel.com
655327;Tempur.com
655412;Thejewellershop.com
653296;Xenos.nl
653400;Fryslanfungies.nl
676;Plasmavisie.nl
653601;Delicando.com
652181;Bazta.com
653008;Berca.com
652204;Bjornborg.com
652335;Bodyandfit.com
655354;Brandfield.be
655324;Burga.nl
653789;Daretodrinkdifferent.nl
652139;Ginatricot.com
653747;Greetz.nl
653654;House-of-rugby.nl
653309;Huawei.com
652137;Jakoteamkleding.nl
653269;JHPfashion.nl
652132;Knaldeals.com
653720;LG.com
653030;Loberon.be
652686;Matchusports.nl
655379;Medpets.nl
653751;Nameit.com
655373;Olivia-kate.nl
651732;Onlineskateshop.nl
652048;Schoenenwinkel.nl
653670;Smeg.com
652316;Stanley1913.com
653197;Street-one.nl
653064;Tamaris.be
655300;Tenways.com
653285;Tink.be
655345;Topstore.nl
655382;Verf.nl
655281;Verlichtingshuis.nl
653709;Xenos.be
652791;Zwilling.com
652808;Zwilling.com
653402;All4gadgets.nl
655398;Kenwood.com
651806;Mosz-accessoires.nl
652268;Scootworld.de
653410;Cleanandcare.nl
644237;Urbanbozz.com
653782;999games.nl
653194;Acer.com
653653;Aftereden.nl
653266;Americantourister.nl
653244;Amigo.nl
653199;Animigo.nl
653704;Aosom.nl
652045;Babor.com
653736;Bamboobasics.com
653705;Bamigo.com
652180;Bazta.com
653228;Bershka.com
653490;Bluettipower.eu
655247;Boekenvoordeel.nl
650031;Brandsaver.nl
653208;Brax.com
655372;Brunobed.nl
191933;Bugaboo.com
653212;Castore.com
652339;Chasin.com
653686;Clarks.com
653829;Converse.com
652079;Converse.com
655371;Deals.collectandgo.be
653058;Dimenno.nl
643229;Donnay.nl
653781;Easywalker.com
652816;Falke.com
653565;Hairworldshop.nl
653226;Handball-store.nl
652977;Horloge.be
655353;Isabelbernard.com
652480;JBL.be
652115;Joolz.com
653239;KSwiss.nl
646515;Lampenmaster.be
653671;Lebasq.com
655335;Loopearplugs.com
652213;Mamalicious.com
655389;Manutan.be
655375;Milk-bar.be
652309;Mizuno.com
653702;Mooideurbeslag.nl
652588;Myprotein.com
653800;Neonail.nl
651958;Nokia.com
655357;Nourished.nl
653783;NYDJ.nl
653803;Officecity.nl
652465;ONeill.com
653790;Onlinetapijten.be
653748;Onlyandsons.com
655326;Oralb.nl
652960;Palladiumboots.nl
655374;Pearle.be
652437;Pearle.nl
653683;Philips-hue.com
652173;Philips-hue.com
653270;Philips.be
653752;Pieces.com
653615;Puritylabs.nl
653568;Remarkt.be
653214;Samsonite.be
653237;Samsonite.nl
653032;Schaefer-shop.be
655277;Schoenenoutletonline.nl
653750;Selected.com
652165;Shoemixx.nl
651733;Sneakeroutlet.nl
652154;soliver.nl
655278;Topvitamins.nl
652037;UGG.com
655267;Van-tjalle-en-jasper.com
653678;Veromoda.com
653737;Vogels.com
655280;Walra.nl
655304;Wefashion.nl
653647;Zeb.be
655291;Zeeman.com
652132;Knaldeals.com
655252;Visunext.de
652397;Hanacomfort.com
655335;Loopearplugs.com
652687;Bloshing.com
653044;Noukies.com
653242;Olymp.com
653230;Pullandbear.com
653738;Roxy-netherlands.nl
653229;Woolrich.com
653804;Zeeman.com
653214;Samsonite.be
652325;Parfumgroup.de
652173;Philips-hue.com
644058;Tuursleep.com
653034;Oakley.com
653670;Smeg.com
655404;Bedsupply.de
652960;Palladiumboots.nl
653215;Crocs.nl
641303;Atotzled.nl
652439;Aboutyou.be
653653;Aftereden.nl
652687;Bloshing.com
653557;Dokterlifestyle.com
653057;Nike.de
653628;Parfumdreams.de
652758;Offeco.nl
450590;Reset.eu
652559;Reifendirekt.de
653315;Action.com
655293;Celexon.com
652137;Jakoteamkleding.nl
653516;Mister33.com
653043;Cronjager.com
655282;DrMartens.com
651600;Coffeeandteabrokers.com
651932;Lusini.com
655441;Fietstas.com
652966;Beddenscout24.nl
653697;Deschouwwitgoed.nl
653391;Duurzametuinartikelen.nl
652700;Gartenundmoebel.de
653514;Lizzymaystore.nl
652401;Milo.nl
653602;Delicando.com
653673;Honeybears.nl
653737;Vogels.com
655442;Fietsparadijs.com
655296;Sophior.nl
652693;Orion.de
652251;Traumpreisfabrik.de
652624;Janvanderstorm.de
652523;Kostume.com
652453;Mactrade.de
653297;Blije-voeten.nl
653579;Spaansesloffen-winkel.nl
644545;Babymarkt.de
648118;Naturecan.nl
651976;Purehealthstore.nl
653564;Carmount.de
122913;Enveloppenwinkel.com
653014;Jojo.nl
653491;Mvolo.nl
652711;Arturofashion.nl
653491;Mvolo.nl
655384;Beckhuis.com
361716;Zadelkruknederland.nl
655445;Dutchxxl.nl
652406;Fashionbootz.nl
653514;Lizzymaystore.nl
652339;Chasin.com
652346;Kattenvoerdirect.nl
652731;PuurSpirits.nl
652292;Deverduurzamingshop.nl
653499;Gekopkussens.nl
652216;Dunleath.com
653791;Leslunes.de
653220;My-Jewellery.com
32969;Magicshop.nl
653182;Foodie.nl
576147;Nandusoftware.eu
652274;markstein.de
651936;Bolusso.nl
653066;Zoluko.nl
652444;Eschuhe.de
652575;Hifiklubben.de
653754;Medion.com
653186;Sportscheck.com
652833;Crowdcookware.com
653648;Lobyshop.nl
655461;Fietstas.com
655457;Maxizoo.be
653698;Printus.de
655454;Top-poolstore.de
652692;VistaExpert.de
652778;Newbalance.nl
655339;It-nerd24.de
653756;Wanderschuhe.net
655390;Werkzeugstore24.de
655456;Themakleding.nu
655278;Topvitamins.nl
652044;Hunkemoller.nl
650071;Loungesetland.nl
646784;Yumeko.be
258153;Multiratio.nl
424480;Prinsessenjurk.nl
503721;Allyourgames.nl
655468;Kuyichi.com
143036;Osdorp.nl
450590;Reset.eu
655334;Babista.de
652252;Goettgen.de
378238;Telesun.nl
640632;Mirthecastello.com
646244;Motorhuisbakker.nl
652295;Dashandy.de
652383;Pollin.de
653247;072-pc.nl
652343;Dezzy-s.com
653210;Guess.eu
653469;Rollers.nl
655453;Heuts.de
653760;Lidl.de
655303;Directionshaircolour.nl
649183;Natuurlijkpresteren.nl
655357;Nourished.nl
653242;Olymp.com
651293;Sama24.nl
653447;Voordeelshop.ah.nl
653294;Action.com
652335;Bodyandfit.com
650984;Koeka.com
653220;My-Jewellery.com
653044;Noukies.com
653833;Pastaficio.nl
644145;Welovesilver.nl
653282;Eazy-fix.nl
655315;Farmaline.be
651382;Allesveilig.nl
655411;Allesafdekken.nl
651350;Vercate.com
655479;Christ-juwelier.nl
652580;Handingo.de
652255;Jeanswelt.de
652253;memolife.de
652222;Parfuemerie.de
652230;Roncato.com
653244;Amigo.nl
655324;Burga.nl
655489;Top1toys.nl
645668;Careplus-shop.be
655272;Loberon.nl
643852;Zoefrobot.nl
652485;Uhrunduhr.de
655286;Afterparty.nl
655482;SMEG.nl
612599;Cookinglife.nl
651973;Duux.com
653716;Mistermill.nl
652446;Defshop.de
652657;Myonlyshop.de
20612;Duijvestein-wintersport.nl
655481;Nuki.io
653409;CD-keys.be
655400;Temu.com
651955;AEG.nl 
647578;Iphonekabel.nl
653372;Tuningsupply.com
652698;Spielgeschenke.de
653212;Castore.com
651065;Donders1860.com
653239;KSwiss.nl
655488;Avh-outdoor.nl
653736;Bamboobasics.com
653755;Majakoi.nl
653790;Onlinetapijten.be
652731;PuurSpirits.nl
655462;Comspot.de
652826;Outfits24.de
655410;Home-tex.nl
653641;Most-dekens.nl
644237;Urbanbozz.com
652471;Babor.com
655270;Pet-and-garden.de
596372;Bedboxholland.nl
653695;Evirobamboe.nl
653457;Madeinparadis.nl
652316;Stanley1913.com
590953;Voordeelvanger.nl
652574;PUMA.com
651936;Bolusso.nl
652648;Hennepolie.nl
653783;NYDJ.nl
653598;Pure32Padel.nl
653410;Cleanandcare.nl
653720;LG.com
653383;Lizenzexpress.de
653614;Vertbaudet.nl
652256;Wahl.com
653595;Stud100spray.nl
652757;Tradeinn.com
597313;Emmafootwear.nl
653443;Fightplaza.nl
652346;Kattenvoerdirect.nl
424480;Prinsessenjurk.nl
597800;Snowbootsexpert.nl
652262;geeektech.com
653437;Compudata.nl
653674;Mooizijde.nl
597404;Sunflake.nl
652261;Voomy.com
653427;Livingandcompany.com
653489;Tennis-point.de
653030;Loberon.be
646262;Naturalquercetine.nl
655411;Allesafdekken.nl
651935;Eroticon.nl
378238;Telesun.nl
655468;Kuyichi.com
643904;Massagerr.nl
651579;Menwithstyle.nl
653032;Schaefer-shop.be
655494;Jdsports.be
653282;Eazy-fix.nl
647843;Ikwilzitzakken.nl
653516;Mister33.com
258153;Multiratio.nl
652661;24bottles.com
652611;Fahrradhelm.de
653651;Schaefer-shop.de
655391;Ladecorista.shop
653674;Mooizijde.nl
653803;Officecity.nl
652847;Omazu.com
653804;Zeeman.com
503721;Allyourgames.nl
653440;Casadielturo.com
652752;Moyu-notebooks.com
644058;Tuursleep.com
655274;Batterie24.de
652659;Petster.de
653721;Sport-bittl.com
653561;Carmount.nl
653400;Fryslanfungies.nl
655450;Noyra.nl
655495;Footpatrol.nl
655501;Golfshopsonline.com
655502;Lampenshoponline.com
653194;Acer.com
653595;Stud100spray.nl
655280;Walra.nl
652819;Fleeky.de
652489;Meintrendyhandy.de
653422;Shop4runners.com
652045;Babor.com
655461;Fietstas.com
653506;Klerendruk.nl
652752;Moyu-notebooks.com
653748;Onlyandsons.com
652481;Otto.de
653434;Baristina.com
653297;Blije-voeten.nl
653747;Greetz.nl
653067;Hulpmiddelonline.be
655345;Topstore.nl
651331;Vitalicsport.com
653035;Cronjager.com
652296;Jansport.de
652717;Modellbau-Universe.de
652838;Ninjakitchen.de
652226;Ohmyfantasy.com
649942;2th.nl
655406;Fishingshopxl.com
652269;Ebrosia.de
655248;Bstn.com
122913;Enveloppenwinkel.com
653683;Philips-hue.com
650800;Textieltopper.eu
655341;Winehouseportugal.com
652734;Deluxehomeartshop.de
652547;Sportwerk.de
652348;Dutchclear.com
653004;Eavy.nl
650731;Kabelvooriphone.nl
159300;Purelife.nl
653591;Toscanelli.nl
655267;Van-tjalle-en-jasper.com
655488;Avh-outdoor.nl
651065;Donders1860.com
652517;Florastore.com
655410;Home-tex.nl
652620;Iciparisxl.nl
653739;AM-angelsport-onlineshop.de
652572;Fussmatten-welt.de
652445;Lacoste.de
653679;Lee.com
652655;Quiksilver.de
653602;Delicando.com
646515;Lampenmaster.be
655481;Nuki.io
652833;Crowdcookware.com
648966;Kongcrete.nl
653667;Parfumerie.nl
652165;Shoemixx.nl
655489;Top1toys.nl
652470;Sport-Schuster.de
655340;Uwaldu.de
652180;Bazta.com
653666;Parfumerie.be
653828;Shop-apotheke.com
653678;Veromoda.com
653709;Xenos.be
651955;AEG.nl 
655294;ManoMano.de
650031;Brandsaver.nl
646877;Courir.be
655406;Fishingshopxl.com
655379;Medpets.nl
653050;Nomadius.com
653296;Xenos.nl
653693;Daily-bikers.de
652793;Etc-shop.de
652794;Jeanlen.de
652626;Koffer-to-go.de
653227;Running-point.de
652784;Soundcore.com
653008;Berca.com
653050;Nomadius.com
612584;Perfecthealth.nl
651893;Robust-tools.nl
655300;Tenways.com
653285;Tink.be
653420;Vertbaudet.com
653647;Zeb.be
653746;Marktkauf.de
652652;Praktiker.de
655507;Sofa.de
655381;Actie.deals
652181;Bazta.com
655247;Boekenvoordeel.nl
653730;Goodbricks.nl
653226;Handball-store.nl
650799;Modemania.nl
653222;Only.com
652712;Retulp.nl
82341;Silvercreek.nl
655456;Themakleding.nu
655396;Vanarendonk.nl
653677;Veromoda.com
652844;Lentiamo.de
655420;Lizenzexpress.de
652279;Sharkclean.de
643342;Hakushop.nl
652065;Iciparisxl.be
655375;Milk-bar.be
651966;Samsung.be
642617;Shampoobars.nl
655364;Shop.prorun.nl
653249;Sisley-Paris.com
644059;Zwoong.be
655505;Moebel-kraft.de
652466;Office-partner.de
653228;Bershka.com
530097;Bloomon.nl
641935;Boxers.be
653686;Clarks.com
653654;House-of-rugby.nl
655502;Lampenshoponline.com
652778;Newbalance.nl
653455;Prenatal.nl
651976;Purehealthstore.nl
653456;Training-fit.nl
655435;123watches.de
652736;Baobabcollection.com
652739;Kaisers.de
652789;Scheppach.com
655504;Sconto.de
653249;Sisley-Paris.com
652232;Temu.com
655249;Zeeman.com
652128;123watches.nl
652823;Bettybarclay.com
655354;Brandfield.be
645237;Fietsmount.nl
655503;Hoeffner.de
652839;Memoire-wine.nl
655415;Only.com
652048;Schoenenwinkel.nl
652779;Vandenborre.be
652457;8wines.de
655462;Comspot.de
652631;HQ-patronen.de
655483;Nuki.io
653219;Office-discount.de
652490;Quelle.de
655372;Brunobed.nl
652348;Dutchclear.com
653004;Eavy.nl
647578;Iphonekabel.nl
652009;JDsports.nl
650731;Kabelvooriphone.nl
653780;Kids-world.com
655391;Ladecorista.shop
651980;Leenbakker.nl
643904;Massagerr.nl
651579;Menwithstyle.nl
653751;Nameit.com
655325;Nintendo.nl
652847;Omazu.com
655326;Oralb.nl
653738;Roxy-netherlands.nl
653237;Samsonite.nl
642617;Shampoobars.nl
651350;Vercate.com
653447;Voordeelshop.ah.nl
655506;Deinbett.de
655273;Fielmann.de
652630;Glamory.de
652475;Kaffeezentrale.de
653187;Schuhcenter.de
655400;Temu.com
653475;Yoursurprise.de
651922;8wines.nl
652509;AEG.be
653736;Bamboobasics.com
655359;Fitsockr.nl
652977;Horloge.be
655494;Jdsports.be
655469;Josef-seibel.de
507724;Kabel-mania.nl
655398;Kenwood.com
653779;Kids-world.com
652576;Koffer.de
653438;Kookshoppen.nl
655475;Labofplants.com
655493;Licentieexpert.nl
652712;Retulp.nl
655263;Sheila-hondencosmetica.nl
653064;Tamaris.be
652757;Tradeinn.com
1427;Amazon.de
652551;Beautycos.de
652497;Douglas.de
655458;Druckerpatronenexpress.de
653753;Fashion24.de
652278;Leitermann.de
655460;Odiporo.de
652562;Reifen.de
653249;Sisley-Paris.com
649942;2th.nl
653240;Bergmansoutlet.com
642731;Bierfamilie.nl
652687;Bloshing.com
653490;Bluettipower.eu
191933;Bugaboo.com
653561;Carmount.nl
655470;Chaerstore.com
655479;Christ-juwelier.nl
652079;Converse.com
653058;Dimenno.nl
655441;Fietstas.com
653182;Foodie.nl
652044;Hunkemoller.nl
645384;Ilmaha.com
653236;Jack-Wolfskin.nl
653506;Klerendruk.nl
652213;Mamalicious.com
653562;Motormount.nl
652588;Myprotein.com
655450;Noyra.nl
653803;Officecity.nl
652465;ONeill.com
651732;Onlineskateshop.nl
655360;Ops-clothing.com
653752;Pieces.com
652652;Praktiker.de
655364;Shop.prorun.nl
655482;SMEG.nl
652154;soliver.nl
653197;Street-one.nl
649612;Superfoodsonline.nl
655327;Tempur.com
652319;Tuatara.eu
655382;Verf.nl
362267;Vitacijn.nl
655304;Wefashion.nl
653229;Woolrich.com
653010;Xiaomi.com
361716;Zadelkruknederland.nl
655291;Zeeman.com
653714;Alsa-hundewelt.de
653465;Baristina.com
652447;Dublino-moebel.de
652683;ECDGermany.de
655361;Fitsockr.de
652555;Hurley.com
653600;Justpleasure.de
652576;Koffer.de
652417;LEGO.com
652658;Lenovo.com
652629;Mepal.com
652733;Moebel-fundgrube.de
655460;Odiporo.de
652524;ONeill.com
655348;Raleo.de
652665;Revolutionrace.de
652250;Schuhe24.de
653649;Sheego.de
653785;Thefashionstory.com
653725;Tierliebhaber.de
652270;Uhrendirect.de
653536;X2o.de
655473;Allpowers.de
651957;Bffstore.nl
644440;Buxibo.com
653433;Casies.nl
655470;Chaerstore.com
655331;Clayandglow.com
652263;Decantalo.de
652497;Douglas.de
652961;Dyson.be
651569;Lazamani.nl
651884;License-net.com
653638;Meccential.com
616163;Merkmeisjeskleding.nl
655343;Naturainside.com
652481;Otto.de
653568;Remarkt.be
653214;Samsonite.be
643784;Tofvel.com
643416;Tuinmeubelhoesshop.nl
652791;Zwilling.com
655274;Batterie24.de
652271;Baur.de
652628;Bueroshop24.de
652850;Coffeefriend.de
653061;Coolblue.de
652582;Delife.eu
653042;Dietechnik.de
652444;Eschuhe.de
652273;Foodworld-xl.de
652252;Goettgen.de
652575;Hifiklubben.de
652744;Kaffeebohne365.de
652486;Lookfantastic.de
652848;Mcbuero.de
652554;MK-angelsport.de
652472;Mynotebook.de
653784;Netto-online.de
652670;Sanita-clogs.de
653828;Shop-apotheke.com
655275;Sneakin-de.de
652546;Sportolino.de
652239;Ubisoft.com
653420;Vertbaudet.com
655390;Werkzeugstore24.de
